primary_id,region,emission_co2e_subsector_total_agrc,emission_co2e_subsector_total_ccsq,emission_co2e_subsector_total_entc,emission_co2e_subsector_total_fgtv,emission_co2e_subsector_total_frst,emission_co2e_subsector_total_inen,emission_co2e_subsector_total_ippu,emission_co2e_subsector_total_lndu,emission_co2e_subsector_total_lsmm,emission_co2e_subsector_total_lvst,emission_co2e_subsector_total_scoe,emission_co2e_subsector_total_soil,emission_co2e_subsector_total_trns,emission_co2e_subsector_total_trww,emission_co2e_subsector_total_waso,emission_co2e_ch4_agrc,emission_co2e_ch4_ccsq,emission_co2e_ch4_entc,emission_co2e_ch4_fgtv,emission_co2e_ch4_frst,emission_co2e_ch4_inen,emission_co2e_ch4_ippu,emission_co2e_ch4_lsmm,emission_co2e_ch4_lvst,emission_co2e_ch4_scoe,emission_co2e_ch4_trns,emission_co2e_ch4_trww,emission_co2e_ch4_waso,emission_co2e_total,emission_co2e_ch4_total,emission_co2e_subsector_total_agrc_diff,emission_co2e_subsector_total_ccsq_diff,emission_co2e_subsector_total_entc_diff,emission_co2e_subsector_total_fgtv_diff,emission_co2e_subsector_total_frst_diff,emission_co2e_subsector_total_inen_diff,emission_co2e_subsector_total_ippu_diff,emission_co2e_subsector_total_lndu_diff,emission_co2e_subsector_total_lsmm_diff,emission_co2e_subsector_total_lvst_diff,emission_co2e_subsector_total_scoe_diff,emission_co2e_subsector_total_soil_diff,emission_co2e_subsector_total_trns_diff,emission_co2e_subsector_total_trww_diff,emission_co2e_subsector_total_waso_diff,emission_co2e_ch4_agrc_diff,emission_co2e_ch4_ccsq_diff,emission_co2e_ch4_entc_diff,emission_co2e_ch4_fgtv_diff,emission_co2e_ch4_frst_diff,emission_co2e_ch4_inen_diff,emission_co2e_ch4_ippu_diff,emission_co2e_ch4_lsmm_diff,emission_co2e_ch4_lvst_diff,emission_co2e_ch4_scoe_diff,emission_co2e_ch4_trns_diff,emission_co2e_ch4_trww_diff,emission_co2e_ch4_waso_diff,emission_co2e_total_diff,emission_co2e_ch4_total_diff,design_id,strategy_id,future_id,strategy_code,strategy,description,transformation_specification,baseline_strategy_id
0,iran,1143.6440971661718,0.0,6670.340981280681,1578.2806074904206,-1052.9332304936675,3893.6823124028015,4802.24705043894,704.7669816503055,126.96624754506396,1027.0613661534,6553.447109059621,254.08641150473855,1795.6018501966257,664.6571790902364,1500.0637389050155,150.7752517701065,0.0,10.028131439188744,1118.3944109103866,10.773657253598708,5.756547753132194,16.93812049977558,26.209141388880436,1027.0613661534,5.94905199450709,9.664231609448283,431.5369078679062,1484.4423676164095,29661.912702390357,4297.52918625674,0.0,0.0,0.0,0.0,0.0,0.0,0.0,0.0,0.0,0.0,0.0,0.0,0.0,0.0,0.0,0.0,0.0,0.0,0.0,0.0,0.0,0.0,0.0,0.0,0.0,0.0,0.0,0.0,0.0,0.0,0,0,0,BASE,Strategy TX:BASE,,TX:BASE,1
77077,iran,636.7127038680187,0.0,5797.974336400555,8623.561092307455,-2122.1625395464193,3358.106431276125,2594.765744692398,2543.712791519206,319.3384712504382,312.65521413558906,4910.1333944783855,0.0,5287.955665824951,770.5607180319039,180.51602072468575,83.38896503437134,0.0,7.86793313273726,5904.782191326689,0.0,1.930801136958844,13.179131494293975,312.4273174660295,312.65521413558884,18.865818057519242,86.74757738927832,723.3350606859511,179.76461482757873,33213.83004496329,7644.944624686996,-506.9313932981531,0.0,-872.3666448801259,7045.280484817034,-1069.229309052752,-535.5758811266764,-2207.481305746542,1838.9458098689004,192.37222370537424,-714.406152017811,-1643.3137145812352,-254.08641150473855,3492.3538156283257,105.90353894166753,-1319.5477181803299,-67.38628673573517,0.0,-2.160198306451484,4786.387780416302,-10.773657253598708,-3.82574661617335,-3.758989005481604,286.21817607714905,-714.4061520178112,12.916766063012151,77.08334577983004,291.7981528180449,-1304.6777527888307,3551.9173425729314,3347.4154384302556,0,7001,0,TORNADO:AGRC:DEC_CH4_RICE,TORNADO:AGRC:DEC_CH4_RICE,,TX:AGRC:DEC_CH4_RICE|TX:LNDU:PLUR,0
78078,iran,657.1053624756328,0.0,5797.971864519066,8623.559082347123,-2122.2378537900872,3358.09663684213,2594.765744692398,2543.811698022618,319.3383655944523,312.6551117358174,4910.1333944783855,0.0,5287.955665824951,770.5607177744108,180.5166227758009,103.83397931756494,0.0,7.8679305635647,5904.780805293519,0.0,1.9307835733303707,13.179131494293975,312.427214079697,312.65511173581734,18.865818057519242,86.74757738927832,723.3350606859511,179.76521257822128,33234.2324132927,7665.388624768757,-486.53873469053906,0.0,-872.3691167616153,7045.278474856703,-1069.3046232964198,-535.5856755606715,-2207.481305746542,1839.0447163723127,192.37211804938832,-714.4062544175827,-1643.3137145812352,-254.08641150473855,3492.3538156283257,105.90353868417446,-1319.5471161292146,-46.94127245254157,0.0,-2.160200875624044,4786.386394383132,-10.773657253598708,-3.8257641798018236,-3.758989005481604,286.2180726908166,-714.4062544175827,12.916766063012151,77.08334577983004,291.7981528180449,-1304.6771550381882,3572.319710902346,3367.859438512017,0,7002,0,TORNADO:AGRC:DEC_EXPORTS,TORNADO:AGRC:DEC_EXPORTS,,TX:AGRC:DEC_EXPORTS|TX:LNDU:PLUR,0
79079,iran,643.7047397957914,0.0,5796.6081608811,8622.49537688158,-2128.6955527484183,3352.505041743803,2594.765744692398,2551.771844310967,319.33711767913644,312.65388107674573,4910.1333944783855,0.0,5287.955665824951,770.5607183014774,176.97198119192265,101.33708356931152,0.0,7.8617459772218234,5904.04649729402,0.0,1.920756582599108,13.179131494293975,312.4259933540351,312.65388107674573,18.865818057519242,86.74757738927832,723.3350606859511,176.25956007171334,33210.76811410984,7658.633105552689,-499.93935737038043,0.0,-873.7328203995812,7044.214769391159,-1075.7623222547509,-541.1772706589986,-2207.481305746542,1847.0048626606615,192.37087013407248,-714.4074850766543,-1643.3137145812352,-254.08641150473855,3492.3538156283257,105.90353921124108,-1323.0917577130929,-49.43816820079499,0.0,-2.1663854619669207,4785.652086383633,-10.773657253598708,-3.8357911705330863,-3.758989005481604,286.21685196515466,-714.4074850766543,12.916766063012151,77.08334577983004,291.7981528180449,-1308.182807544696,3548.85541171948,3361.103919295949,0,7003,0,TORNADO:AGRC:DEC_LOSSES_SUPPLY_CHAIN,TORNADO:AGRC:DEC_LOSSES_SUPPLY_CHAIN,,TX:AGRC:DEC_LOSSES_SUPPLY_CHAIN|TX:LNDU:PLUR,0
80080,iran,653.7252095103063,0.0,5797.974336400555,8623.561092307455,-2122.1625395464193,3358.106431276125,2594.765744692398,2543.712791519206,319.3384712504382,312.65521413558906,4910.1333944783855,0.0,5287.955665824951,770.5607180319039,180.51602072468575,102.23900910815021,0.0,7.86793313273726,5904.782191326689,0.0,1.930801136958844,13.179131494293975,312.4273174660295,312.65521413558884,18.865818057519242,86.74757738927832,723.3350606859511,179.76461482757873,33230.84255060558,7663.7946687607755,-489.91888765586555,0.0,-872.3666448801259,7045.280484817034,-1069.229309052752,-535.5758811266764,-2207.481305746542,1838.9458098689004,192.37222370537424,-714.406152017811,-1643.3137145812352,-254.08641150473855,3492.3538156283257,105.90353894166753,-1319.5477181803299,-48.536242661956294,0.0,-2.160198306451484,4786.387780416302,-10.773657253598708,-3.82574661617335,-3.758989005481604,286.21817607714905,-714.4061520178112,12.916766063012151,77.08334577983004,291.7981528180449,-1304.6777527888307,3568.9298482152226,3366.2654825040354,0,7004,0,TORNADO:AGRC:INC_CONSERVATION_AGRICULTURE,TORNADO:AGRC:INC_CONSERVATION_AGRICULTURE,,TX:AGRC:INC_CONSERVATION_AGRICULTURE|TX:LNDU:PLUR,0
81081,iran,664.9388759176761,0.0,5800.356016927652,8625.497438442013,-2146.429451888416,3367.405433892705,2594.765744692398,2573.443399137794,319.3345490231191,312.65135572838966,4910.1333944783855,0.0,5287.955665824951,770.5607176884513,180.51602072468575,95.9426831998448,0.0,7.871214579375984,5906.117184786748,0.0,1.947476345268252,13.179131494293975,312.42348054822315,312.6513557283896,18.865818057519242,86.74757738927832,723.3350606859511,179.76461482757873,33261.1291605898,7658.845597642471,-478.7052212484957,0.0,-869.9849643530297,7047.216830951593,-1093.4962213947488,-526.2768785100966,-2207.481305746542,1868.6764174874886,192.36830147805514,-714.4100104250103,-1643.3137145812352,-254.08641150473855,3492.3538156283257,105.90353859821494,-1319.5477181803299,-54.832568570261714,0.0,-2.1569168598127604,4787.722773876361,-10.773657253598708,-3.809071407863942,-3.758989005481604,286.2143391593427,-714.4100104250105,12.916766063012151,77.08334577983004,291.7981528180449,-1304.6777527888307,3599.216458199444,3361.316411385731,0,7005,0,TORNADO:AGRC:INC_PRODUCTIVITY,TORNADO:AGRC:INC_PRODUCTIVITY,,TX:AGRC:INC_PRODUCTIVITY|TX:LNDU:PLUR,0
82082,iran,657.1435822641274,-388.618708,5972.036688175916,8896.4033217447,-2122.1625395464193,3358.106431276125,2594.765744692398,2543.712791519206,319.3384712504382,312.65521413558906,4910.1333944783855,0.0,5287.955665824951,770.5607180319039,180.51602072468575,103.81984343047966,0.2187359999999996,8.115646139447101,6080.438247909587,0.0,1.930801136958844,13.179131494293975,312.4273174660295,312.65521413558884,18.865818057519242,86.74757738927832,723.3350606859511,179.76461482757873,33292.546796572,7841.498008672712,-486.5005149020444,-388.618708,-698.3042931047648,7318.122714254279,-1069.229309052752,-535.5758811266764,-2207.481305746542,1838.9458098689004,192.37222370537424,-714.406152017811,-1643.3137145812352,-254.08641150473855,3492.3538156283257,105.90353894166753,-1319.5477181803299,-46.95540833962684,0.2187359999999996,-1.9124852997416433,4962.0438369992,-10.773657253598708,-3.82574661617335,-3.758989005481604,286.21817607714905,-714.4061520178112,12.916766063012151,77.08334577983004,291.7981528180449,-1304.6777527888307,3630.634094181645,3543.9688224159718,0,7006,0,TORNADO:CCSQ:INC_CAPTURE,TORNADO:CCSQ:INC_CAPTURE,,TX:CCSQ:INC_CAPTURE|TX:LNDU:PLUR,0
83083,iran,657.1435822641274,0.0,5542.660770581562,8358.65113995445,-2122.1625395464193,3358.106431276125,2594.765744692398,2543.712791519206,319.3384712504382,312.65521413558906,4910.1333944783855,0.0,5287.955665824951,770.5607180319039,180.51602072468575,103.81984343047966,0.0,7.478105261245262,5724.633282890041,0.0,1.930801136958844,13.179131494293975,312.4273174660295,312.65521413558884,18.865818057519242,86.74757738927832,723.3350606859511,179.76461482757873,32714.037405187402,7484.836766774964,-486.5005149020444,0.0,-1127.680210699119,6780.3705324640305,-1069.229309052752,-535.5758811266764,-2207.481305746542,1838.9458098689004,192.37222370537424,-714.406152017811,-1643.3137145812352,-254.08641150473855,3492.3538156283257,105.90353894166753,-1319.5477181803299,-46.95540833962684,0.0,-2.550026177943482,4606.2388719796545,-10.773657253598708,-3.82574661617335,-3.758989005481604,286.21817607714905,-714.4061520178112,12.916766063012151,77.08334577983004,291.7981528180449,-1304.6777527888307,3052.1247027970458,3187.3075805182243,0,7007,0,TORNADO:ENTC:DEC_LOSSES,TORNADO:ENTC:DEC_LOSSES,,TX:ENTC:DEC_LOSSES|TX:LNDU:PLUR,0
84084,iran,657.1435822641274,0.0,5798.164174975067,8623.987999449831,-2122.1625395464193,3358.106431276125,2594.765744692398,2543.712791519206,319.3384712504382,312.65521413558906,4910.1333944783855,0.0,5287.955665824951,770.5607180319039,180.51602072468575,103.81984343047966,0.0,7.868945458031285,5905.072995545843,0.0,1.930801136958844,13.179131494293975,312.4273174660295,312.65521413558884,18.865818057519242,86.74757738927832,723.3350606859511,179.76461482757873,33234.87766907629,7665.667319627552,-486.5005149020444,0.0,-872.1768063056143,7045.707391959411,-1069.229309052752,-535.5758811266764,-2207.481305746542,1838.9458098689004,192.37222370537424,-714.406152017811,-1643.3137145812352,-254.08641150473855,3492.3538156283257,105.90353894166753,-1319.5477181803299,-46.95540833962684,0.0,-2.159185981157459,4786.678584635456,-10.773657253598708,-3.82574661617335,-3.758989005481604,286.21817607714905,-714.4061520178112,12.916766063012151,77.08334577983004,291.7981528180449,-1304.6777527888307,3572.964966685933,3368.1381333708123,0,7008,0,TORNADO:ENTC:TARGET_CLEAN_HYDROGEN,TORNADO:ENTC:TARGET_CLEAN_HYDROGEN,,TX:ENTC:TARGET_CLEAN_HYDROGEN|TX:LNDU:PLUR,0
85085,iran,657.1435822641274,0.0,3774.7114360100045,6524.244547972872,-2122.1625395464193,3358.106431276125,2594.765744692398,2543.712791519206,319.3384712504382,312.65521413558906,4910.1333944783855,0.0,5287.955665824951,770.5607180319039,180.51602072468575,103.81984343047966,0.0,4.778696858621042,4477.167593628686,0.0,1.930801136958844,13.179131494293975,312.4273174660295,312.65521413558884,18.865818057519242,86.74757738927832,723.3350606859511,179.76461482757873,29111.681478634266,6234.671669110984,-486.5005149020444,0.0,-2895.6295452706768,4945.963940482452,-1069.229309052752,-535.5758811266764,-2207.481305746542,1838.9458098689004,192.37222370537424,-714.406152017811,-1643.3137145812352,-254.08641150473855,3492.3538156283257,105.90353894166753,-1319.5477181803299,-46.95540833962684,0.0,-5.249434580567702,3358.773182718299,-10.773657253598708,-3.82574661617335,-3.758989005481604,286.21817607714905,-714.4061520178112,12.916766063012151,77.08334577983004,291.7981528180449,-1304.6777527888307,-550.2312237560909,1937.142482854244,0,7009,0,TORNADO:ENTC:TARGET_RENEWABLE_ELEC,TORNADO:ENTC:TARGET_RENEWABLE_ELEC,,TX:ENTC:TARGET_RENEWABLE_ELEC|TX:LNDU:PLUR,0
86086,iran,657.1435822641274,0.0,5797.974336400555,5691.634427657994,-2122.1625395464193,3358.106431276125,2594.765744692398,2543.712791519206,319.3384712504382,312.65521413558906,4910.1333944783855,0.0,5287.955665824951,770.5607180319039,180.51602072468575,103.81984343047966,0.0,7.86793313273726,3906.965230442228,0.0,1.930801136958844,13.179131494293975,312.4273174660295,312.65521413558884,18.865818057519242,86.74757738927832,723.3350606859511,179.76461482757873,30302.33425870994,5667.558542198643,-486.5005149020444,0.0,-872.3666448801259,4113.353820167573,-1069.229309052752,-535.5758811266764,-2207.481305746542,1838.9458098689004,192.37222370537424,-714.406152017811,-1643.3137145812352,-254.08641150473855,3492.3538156283257,105.90353894166753,-1319.5477181803299,-46.95540833962684,0.0,-2.160198306451484,2788.570819531841,-10.773657253598708,-3.82574661617335,-3.758989005481604,286.21817607714905,-714.4061520178112,12.916766063012151,77.08334577983004,291.7981528180449,-1304.6777527888307,640.421556319583,1370.0293559419033,0,7010,0,TORNADO:FGTV:DEC_LEAKS,TORNADO:FGTV:DEC_LEAKS,,TX:FGTV:DEC_LEAKS|TX:LNDU:PLUR,0
87087,iran,657.1435822641274,0.0,5797.974336400555,8455.818169027145,-2122.1625395464193,3358.106431276125,2594.765744692398,2543.712791519206,319.3384712504382,312.65521413558906,4910.1333944783855,0.0,5287.955665824951,770.5607180319039,180.51602072468575,103.81984343047966,0.0,7.86793313273726,5712.620154376772,0.0,1.930801136958844,13.179131494293975,312.4273174660295,312.65521413558884,18.865818057519242,86.74757738927832,723.3350606859511,179.76461482757873,33066.51800007909,7473.2134661331875,-486.5005149020444,0.0,-872.3666448801259,6877.537561536725,-1069.229309052752,-535.5758811266764,-2207.481305746542,1838.9458098689004,192.37222370537424,-714.406152017811,-1643.3137145812352,-254.08641150473855,3492.3538156283257,105.90353894166753,-1319.5477181803299,-46.95540833962684,0.0,-2.160198306451484,4594.225743466385,-10.773657253598708,-3.82574661617335,-3.758989005481604,286.21817607714905,-714.4061520178112,12.916766063012151,77.08334577983004,291.7981528180449,-1304.6777527888307,3404.6052976887368,3175.6842798764474,0,7011,0,TORNADO:FGTV:INC_FLARE,TORNADO:FGTV:INC_FLARE,,TX:FGTV:INC_FLARE|TX:LNDU:PLUR,0
88088,iran,657.1435822641274,0.0,5576.369141381141,8141.728352656902,-2122.1625395464193,2559.7269948347,2594.765744692398,2543.712791519206,319.3384712504382,312.65521413558906,4910.1333944783855,0.0,5287.955665824951,770.5607180319039,180.51602072468575,103.81984343047966,0.0,7.572107697360077,5585.204418558976,0.0,1.47551160613622,13.179131494293975,312.4273174660295,312.65521413558884,18.865818057519242,86.74757738927832,723.3350606859511,179.76461482757873,31732.44355224801,7345.046615349191,-486.5005149020444,0.0,-1093.97183989954,6563.447745166481,-1069.229309052752,-1333.9553175681017,-2207.481305746542,1838.9458098689004,192.37222370537424,-714.406152017811,-1643.3137145812352,-254.08641150473855,3492.3538156283257,105.90353894166753,-1319.5477181803299,-46.95540833962684,0.0,-2.456023741828667,4466.810007648589,-10.773657253598708,-4.281036146995975,-3.758989005481604,286.21817607714905,-714.4061520178112,12.916766063012151,77.08334577983004,291.7981528180449,-1304.6777527888307,2070.5308498576524,3047.5174290924506,0,7012,0,TORNADO:INEN:INC_EFFICIENCY_ENERGY_HIGHEST,TORNADO:INEN:INC_EFFICIENCY_ENERGY_HIGHEST,,TX:INEN:INC_EFFICIENCY_ENERGY_HIGHEST|TX:LNDU:PLUR,0
89089,iran,657.1435822641274,0.0,5544.556561093805,8161.570467463679,-2122.1625395464193,2790.08269293773,2594.765744692398,2543.712791519206,319.3384712504382,312.65521413558906,4910.1333944783855,0.0,5287.955665824951,770.5607180319039,180.51602072468575,103.81984343047966,0.0,7.512461394469032,5599.343162585641,0.0,1.681177759796176,13.179131494293975,312.4273174660295,312.65521413558884,18.865818057519242,86.74757738927832,723.3350606859511,179.76461482757873,31950.82878487048,7359.331379226625,-486.5005149020444,0.0,-1125.7844201868766,6583.289859973258,-1069.229309052752,-1103.5996194650716,-2207.481305746542,1838.9458098689004,192.37222370537424,-714.406152017811,-1643.3137145812352,-254.08641150473855,3492.3538156283257,105.90353894166753,-1319.5477181803299,-46.95540833962684,0.0,-2.5156700447197125,4480.948751675254,-10.773657253598708,-4.075369993336018,-3.758989005481604,286.21817607714905,-714.4061520178112,12.916766063012151,77.08334577983004,291.7981528180449,-1304.6777527888307,2288.916082480122,3061.8021929698853,0,7013,0,TORNADO:INEN:INC_EFFICIENCY_PRODUCTION,TORNADO:INEN:INC_EFFICIENCY_PRODUCTION,,TX:INEN:INC_EFFICIENCY_PRODUCTION|TX:LNDU:PLUR,0
90090,iran,657.1435822641274,0.0,6679.396368061858,8907.61906104084,-2122.1625395464193,1874.788465414208,2594.765744692398,2543.712791519206,319.3384712504382,312.65521413558906,4910.1333944783855,0.0,5287.955665824951,770.5607180319039,180.51602072468575,103.81984343047966,0.0,8.751905016643281,6119.485441892936,0.0,1.0893763372444454,13.179131494293975,312.4273174660295,312.65521413558884,18.865818057519242,86.74757738927832,723.3350606859511,179.76461482757873,32916.42295789217,7880.121300733543,-486.5005149020444,0.0,9.055386781176821,7329.338453550419,-1069.229309052752,-2018.8938469885934,-2207.481305746542,1838.9458098689004,192.37222370537424,-714.406152017811,-1643.3137145812352,-254.08641150473855,3492.3538156283257,105.90353894166753,-1319.5477181803299,-46.95540833962684,0.0,-1.276226422545463,5001.0910309825495,-10.773657253598708,-4.667171415887749,-3.758989005481604,286.21817607714905,-714.4061520178112,12.916766063012151,77.08334577983004,291.7981528180449,-1304.6777527888307,3254.5102555018166,3582.5921144768026,0,7014,0,TORNADO:INEN:SHIFT_FUEL_HEAT,TORNADO:INEN:SHIFT_FUEL_HEAT,,TX:INEN:SHIFT_FUEL_HEAT|TX:LNDU:PLUR,0
91091,iran,657.1435822641274,0.0,5797.974336400555,8623.561092307455,-2122.1625395464193,3358.106431276125,2587.68677870516,2543.712791519206,319.3384712504382,312.65521413558906,4910.1333944783855,0.0,5287.955665824951,770.5607180319039,180.51602072468575,103.81984343047966,0.0,7.86793313273726,5904.782191326689,0.0,1.930801136958844,13.179131494293975,312.4273174660295,312.65521413558884,18.865818057519242,86.74757738927832,723.3350606859511,179.76461482757873,33227.18195737216,7665.375503083104,-486.5005149020444,0.0,-872.3666448801259,7045.280484817034,-1069.229309052752,-535.5758811266764,-2214.56027173378,1838.9458098689004,192.37222370537424,-714.406152017811,-1643.3137145812352,-254.08641150473855,3492.3538156283257,105.90353894166753,-1319.5477181803299,-46.95540833962684,0.0,-2.160198306451484,4786.387780416302,-10.773657253598708,-3.82574661617335,-3.758989005481604,286.21817607714905,-714.4061520178112,12.916766063012151,77.08334577983004,291.7981528180449,-1304.6777527888307,3565.269254981802,3367.8463168263643,0,7015,0,TORNADO:IPPU:DEC_CLINKER,TORNADO:IPPU:DEC_CLINKER,,TX:IPPU:DEC_CLINKER|TX:LNDU:PLUR,0
92092,iran,657.1435822641274,0.0,5700.06504726317,8430.923685471544,-2091.736140713496,3100.377011701015,2265.2033725613323,2543.712791519206,319.3384712504382,312.65521413558906,4910.1333944783855,0.0,5287.955665824951,770.5607180319039,180.51602072468575,103.81984343047966,0.0,7.732664403443964,5774.006049029534,0.0,1.8040095045783764,11.390732342957012,312.4273174660295,312.65521413558884,18.865818057519242,86.74757738927832,723.3350606859511,179.76461482757873,32386.84883451285,7532.548901272938,-486.5005149020444,0.0,-970.2759340175116,6852.6430779811235,-1038.8029102198284,-793.3053007017866,-2537.043677877608,1838.9458098689004,192.37222370537424,-714.406152017811,-1643.3137145812352,-254.08641150473855,3492.3538156283257,105.90353894166753,-1319.5477181803299,-46.95540833962684,0.0,-2.29546703574478,4655.611638119147,-10.773657253598708,-3.952538248553818,-5.547388156818567,286.21817607714905,-714.4061520178112,12.916766063012151,77.08334577983004,291.7981528180449,-1304.6777527888307,2724.9361321224933,3235.0197150161976,0,7016,0,TORNADO:IPPU:DEC_DEMAND,TORNADO:IPPU:DEC_DEMAND,,TX:IPPU:DEC_DEMAND|TX:LNDU:PLUR,0
93093,iran,657.1435822641274,0.0,5797.974336400555,8623.561092307455,-2122.1625395464193,3358.106431276125,2471.5401794375507,2543.712791519206,319.3384712504382,312.65521413558906,4910.1333944783855,0.0,5287.955665824951,770.5607180319039,180.51602072468575,103.81984343047966,0.0,7.86793313273726,5904.782191326689,0.0,1.930801136958844,13.179131494293975,312.4273174660295,312.65521413558884,18.865818057519242,86.74757738927832,723.3350606859511,179.76461482757873,33111.03535810455,7665.375503083104,-486.5005149020444,0.0,-872.3666448801259,7045.280484817034,-1069.229309052752,-535.5758811266764,-2330.7068710013896,1838.9458098689004,192.37222370537424,-714.406152017811,-1643.3137145812352,-254.08641150473855,3492.3538156283257,105.90353894166753,-1319.5477181803299,-46.95540833962684,0.0,-2.160198306451484,4786.387780416302,-10.773657253598708,-3.82574661617335,-3.758989005481604,286.21817607714905,-714.4061520178112,12.916766063012151,77.08334577983004,291.7981528180449,-1304.6777527888307,3449.1226557141927,3367.8463168263643,0,7017,0,TORNADO:IPPU:DEC_HFCS_HIGHEST,TORNADO:IPPU:DEC_HFCS_HIGHEST,,TX:IPPU:DEC_HFCS_HIGHEST|TX:LNDU:PLUR,0
94094,iran,657.1435822641274,0.0,5797.974336400555,8623.561092307455,-2122.1625395464193,3358.106431276125,2519.478759468549,2543.712791519206,319.3384712504382,312.65521413558906,4910.1333944783855,0.0,5287.955665824951,770.5607180319039,180.51602072468575,103.81984343047966,0.0,7.86793313273726,5904.782191326689,0.0,1.930801136958844,13.179131494293975,312.4273174660295,312.65521413558884,18.865818057519242,86.74757738927832,723.3350606859511,179.76461482757873,33158.973938135554,7665.375503083104,-486.5005149020444,0.0,-872.3666448801259,7045.280484817034,-1069.229309052752,-535.5758811266764,-2282.7682909703913,1838.9458098689004,192.37222370537424,-714.406152017811,-1643.3137145812352,-254.08641150473855,3492.3538156283257,105.90353894166753,-1319.5477181803299,-46.95540833962684,0.0,-2.160198306451484,4786.387780416302,-10.773657253598708,-3.82574661617335,-3.758989005481604,286.21817607714905,-714.4061520178112,12.916766063012151,77.08334577983004,291.7981528180449,-1304.6777527888307,3497.0612357451973,3367.8463168263643,0,7018,0,TORNADO:IPPU:DEC_N2O,TORNADO:IPPU:DEC_N2O,,TX:IPPU:DEC_N2O|TX:LNDU:PLUR,0
95095,iran,657.1435822641274,0.0,5797.974336400555,8623.561092307455,-2122.1625395464193,3358.106431276125,2594.765744692398,2543.712791519206,319.3384712504382,312.65521413558906,4910.1333944783855,0.0,5287.955665824951,770.5607180319039,180.51602072468575,103.81984343047966,0.0,7.86793313273726,5904.782191326689,0.0,1.930801136958844,13.179131494293975,312.4273174660295,312.65521413558884,18.865818057519242,86.74757738927832,723.3350606859511,179.76461482757873,33234.2609233594,7665.375503083104,-486.5005149020444,0.0,-872.3666448801259,7045.280484817034,-1069.229309052752,-535.5758811266764,-2207.481305746542,1838.9458098689004,192.37222370537424,-714.406152017811,-1643.3137145812352,-254.08641150473855,3492.3538156283257,105.90353894166753,-1319.5477181803299,-46.95540833962684,0.0,-2.160198306451484,4786.387780416302,-10.773657253598708,-3.82574661617335,-3.758989005481604,286.21817607714905,-714.4061520178112,12.916766063012151,77.08334577983004,291.7981528180449,-1304.6777527888307,3572.348220969041,3367.8463168263643,0,7019,0,TORNADO:IPPU:DEC_OTHER_FCS,TORNADO:IPPU:DEC_OTHER_FCS,,TX:IPPU:DEC_OTHER_FCS|TX:LNDU:PLUR,0
96096,iran,657.1435822641274,0.0,5797.974336400555,8623.561092307455,-2122.1625395464193,3358.106431276125,2542.1767883833304,2543.712791519206,319.3384712504382,312.65521413558906,4910.1333944783855,0.0,5287.955665824951,770.5607180319039,180.51602072468575,103.81984343047966,0.0,7.86793313273726,5904.782191326689,0.0,1.930801136958844,13.179131494293975,312.4273174660295,312.65521413558884,18.865818057519242,86.74757738927832,723.3350606859511,179.76461482757873,33181.67196705033,7665.375503083104,-486.5005149020444,0.0,-872.3666448801259,7045.280484817034,-1069.229309052752,-535.5758811266764,-2260.07026205561,1838.9458098689004,192.37222370537424,-714.406152017811,-1643.3137145812352,-254.08641150473855,3492.3538156283257,105.90353894166753,-1319.5477181803299,-46.95540833962684,0.0,-2.160198306451484,4786.387780416302,-10.773657253598708,-3.82574661617335,-3.758989005481604,286.21817607714905,-714.4061520178112,12.916766063012151,77.08334577983004,291.7981528180449,-1304.6777527888307,3519.7592646599733,3367.8463168263643,0,7020,0,TORNADO:IPPU:DEC_PFCS,TORNADO:IPPU:DEC_PFCS,,TX:IPPU:DEC_PFCS|TX:LNDU:PLUR,0
97097,iran,656.5705114040669,0.0,5797.911720591076,8623.51019602839,-2195.3220035898553,3357.861743351759,2594.765744692398,785.1489221402416,319.14896961228703,312.46889852041284,4910.1333944783855,0.0,5287.955665824951,770.5607177645752,180.51602072468575,103.73447490225831,0.0,7.867846868780148,5904.747100860699,0.0,1.9303623563414123,13.179131494293975,312.241936228927,312.4688985204127,18.865818057519242,86.74757738927832,723.3350606859511,179.76461482757873,31401.230501543374,7664.882822192039,-487.0735857621049,0.0,-872.4292606896051,7045.22958853797,-1142.3887730961878,-535.8205690510426,-2207.481305746542,80.38194048993603,192.18272206722307,-714.5924676329872,-1643.3137145812352,-254.08641150473855,3492.3538156283257,105.90353867433885,-1319.5477181803299,-47.040776867848194,0.0,-2.160284570408596,4786.352689950312,-10.773657253598708,-3.826185396790782,-3.758989005481604,286.03279484004656,-714.5924676329873,12.916766063012151,77.08334577983004,291.7981528180449,-1304.6777527888307,1739.3177991530174,3367.3536359352993,0,7021,0,TORNADO:LNDU:DEC_DEFORESTATION,TORNADO:LNDU:DEC_DEFORESTATION,,TX:LNDU:DEC_DEFORESTATION|TX:LNDU:PLUR,0
98098,iran,657.1435822641274,0.0,5797.974336400555,8623.561092307455,-2122.1625395464193,3358.106431276125,2594.765744692398,2543.712791519206,319.3384712504382,312.65521413558906,4910.1333944783855,0.0,5287.955665824951,770.5607180319039,180.51602072468575,103.81984343047966,0.0,7.86793313273726,5904.782191326689,0.0,1.930801136958844,13.179131494293975,312.4273174660295,312.65521413558884,18.865818057519242,86.74757738927832,723.3350606859511,179.76461482757873,33234.2609233594,7665.375503083104,-486.5005149020444,0.0,-872.3666448801259,7045.280484817034,-1069.229309052752,-535.5758811266764,-2207.481305746542,1838.9458098689004,192.37222370537424,-714.406152017811,-1643.3137145812352,-254.08641150473855,3492.3538156283257,105.90353894166753,-1319.5477181803299,-46.95540833962684,0.0,-2.160198306451484,4786.387780416302,-10.773657253598708,-3.82574661617335,-3.758989005481604,286.21817607714905,-714.4061520178112,12.916766063012151,77.08334577983004,291.7981528180449,-1304.6777527888307,3572.348220969041,3367.8463168263643,0,7022,0,TORNADO:LNDU:DEC_SOC_LOSS_PASTURES,TORNADO:LNDU:DEC_SOC_LOSS_PASTURES,,TX:LNDU:DEC_SOC_LOSS_PASTURES|TX:LNDU:PLUR,0
99099,iran,656.8143997906297,0.0,5797.943868674853,8623.536321740003,-2199.0915792357378,3357.9874681402257,2594.765744692398,2635.6729475621432,319.3475202218596,312.6641122664902,4910.1333944783855,0.0,5287.955665824951,770.560717517823,180.51602072468575,103.76711264008176,0.0,7.867891154857819,5904.765113509331,0.0,1.9305878092339206,13.179131494293975,312.4361696583493,312.66411226649006,18.865818057519242,86.74757738927832,723.3350606859511,179.76461482757873,33248.806602398705,7665.323189492965,-486.8296973755421,0.0,-872.3971126058286,7045.2557142495825,-1146.1583487420703,-535.6948442625758,-2207.481305746542,1930.9059659118377,192.38127267679565,-714.3972538869099,-1643.3137145812352,-254.08641150473855,3492.3538156283257,105.90353842758668,-1319.5477181803299,-47.008139130024745,0.0,-2.160240284330925,4786.370702598944,-10.773657253598708,-3.8259599438982734,-3.758989005481604,286.22702826946886,-714.39725388691,12.916766063012151,77.08334577983004,291.7981528180449,-1304.6777527888307,3586.8939000083483,3367.794003236225,0,7023,0,TORNADO:LNDU:INC_REFORESTATION,TORNADO:LNDU:INC_REFORESTATION,,TX:LNDU:INC_REFORESTATION|TX:LNDU:PLUR,0
100100,iran,660.1760477205135,0.0,5798.909900553688,8624.321670116778,-2119.462674641509,3361.7602341812617,2594.765744692398,2508.526428034642,333.2967619223341,326.3787987775878,4910.1333944783855,0.0,5287.955665824951,770.560717899405,180.51602072468575,103.8218471505681,0.0,7.869222107337403,5905.306566232791,0.0,1.9373532293795994,13.179131494293975,326.0821080433872,326.3787987775878,18.865818057519242,86.74757738927832,723.3350606859511,179.76461482757873,33237.83871028512,7693.288097995672,-483.4680494456584,0.0,-871.4310807269931,7046.041062626358,-1066.5294441478413,-531.9220782215398,-2207.481305746542,1803.7594463843363,206.33051437727013,-700.6825673758123,-1643.3137145812352,-254.08641150473855,3492.3538156283257,105.9035388091686,-1319.5477181803299,-46.953404619538404,0.0,-2.1589093318513415,4786.912155322404,-10.773657253598708,-3.8191945237525946,-3.758989005481604,299.8729666545068,-700.6825673758123,12.916766063012151,77.08334577983004,291.7981528180449,-1304.6777527888307,3575.9260078947627,3395.7589117389316,0,7024,0,TORNADO:LNDU:INC_SILVOPASTURE,TORNADO:LNDU:INC_SILVOPASTURE,,TX:LNDU:INC_SILVOPASTURE|TX:LNDU:PLUR,0
101101,iran,657.1435822641274,0.0,5797.974336400555,8623.561092307455,-2122.1625395464193,3358.106431276125,2594.765744692398,2543.712791519206,319.3384712504382,312.65521413558906,4910.1333944783855,0.0,5287.955665824951,770.5607180319039,180.51602072468575,103.81984343047966,0.0,7.86793313273726,5904.782191326689,0.0,1.930801136958844,13.179131494293975,312.4273174660295,312.65521413558884,18.865818057519242,86.74757738927832,723.3350606859511,179.76461482757873,33234.2609233594,7665.375503083104,-486.5005149020444,0.0,-872.3666448801259,7045.280484817034,-1069.229309052752,-535.5758811266764,-2207.481305746542,1838.9458098689004,192.37222370537424,-714.406152017811,-1643.3137145812352,-254.08641150473855,3492.3538156283257,105.90353894166753,-1319.5477181803299,-46.95540833962684,0.0,-2.160198306451484,4786.387780416302,-10.773657253598708,-3.82574661617335,-3.758989005481604,286.21817607714905,-714.4061520178112,12.916766063012151,77.08334577983004,291.7981528180449,-1304.6777527888307,3572.348220969041,3367.8463168263643,0,7025,0,TORNADO:LSMM:INC_CAPTURE_BIOGAS,TORNADO:LSMM:INC_CAPTURE_BIOGAS,,TX:LSMM:INC_CAPTURE_BIOGAS|TX:LNDU:PLUR,0
102102,iran,657.1435822641274,0.0,5797.257998311413,8622.512935419754,-2122.1625395464193,3358.106431276125,2594.765744692398,2543.712791519206,362.3563314945162,312.65521413558906,4910.1333944783855,0.0,5287.955665824951,770.5607180319039,180.51602072468575,103.81984343047966,0.0,7.86652510797572,5904.069404666217,0.0,1.930801136958844,13.179131494293975,356.8836216749209,312.65521413558884,18.865818057519242,86.74757738927832,723.3350606859511,179.76461482757873,33275.51428862663,7709.117612606763,-486.5005149020444,0.0,-873.0829829692684,7044.232327929334,-1069.229309052752,-535.5758811266764,-2207.481305746542,1838.9458098689004,235.39008394945225,-714.406152017811,-1643.3137145812352,-254.08641150473855,3492.3538156283257,105.90353894166753,-1319.5477181803299,-46.95540833962684,0.0,-2.161606331213024,4785.674993755831,-10.773657253598708,-3.82574661617335,-3.758989005481604,330.6744802860405,-714.4061520178112,12.916766063012151,77.08334577983004,291.7981528180449,-1304.6777527888307,3613.6015862362765,3411.588426350023,0,7026,0,TORNADO:LSMM:INC_MANAGEMENT_CATTLE_PIGS,TORNADO:LSMM:INC_MANAGEMENT_CATTLE_PIGS,,TX:LSMM:INC_MANAGEMENT_CATTLE_PIGS|TX:LNDU:PLUR,0
103103,iran,657.1435822641274,0.0,5797.684631945305,8623.137185532956,-2122.1625395464193,3358.106431276125,2594.765744692398,2543.712791519206,355.5321301189909,312.65521413558906,4910.1333944783855,0.0,5287.955665824951,770.5607180319039,180.51602072468575,103.81984343047966,0.0,7.867363686384834,5904.493918539302,0.0,1.930801136958844,13.179131494293975,349.1094333350614,312.65521413558884,18.865818057519242,86.74757738927832,723.3350606859511,179.76461482757873,33269.7409709982,7701.768776718397,-486.5005149020444,0.0,-872.656349335376,7044.856578042536,-1069.229309052752,-535.5758811266764,-2207.481305746542,1838.9458098689004,228.56588257392693,-714.406152017811,-1643.3137145812352,-254.08641150473855,3492.3538156283257,105.90353894166753,-1319.5477181803299,-46.95540833962684,0.0,-2.1607677528039098,4786.0995076289155,-10.773657253598708,-3.82574661617335,-3.758989005481604,322.90029194618097,-714.4061520178112,12.916766063012151,77.08334577983004,291.7981528180449,-1304.6777527888307,3607.8282686078455,3404.239590461657,0,7027,0,TORNADO:LSMM:INC_MANAGEMENT_OTHER,TORNADO:LSMM:INC_MANAGEMENT_OTHER,,TX:LSMM:INC_MANAGEMENT_OTHER|TX:LNDU:PLUR,0
104104,iran,657.1435822641274,0.0,5797.973739838192,8623.560219194575,-2122.1625395464193,3358.106431276125,2594.765744692398,2543.712791519206,318.7077040191974,312.65521413558906,4910.1333944783855,0.0,5287.955665824951,770.5607180319039,180.51602072468575,103.81984343047966,0.0,7.867931959920044,5904.781597576385,0.0,1.930801136958844,13.179131494293975,311.7966152083165,312.65521413558884,18.865818057519242,86.74757738927832,723.3350606859511,179.76461482757873,33233.62868645292,7664.744205902271,-486.5005149020444,0.0,-872.3672414424891,7045.279611704154,-1069.229309052752,-535.5758811266764,-2207.481305746542,1838.9458098689004,191.74145647413346,-714.406152017811,-1643.3137145812352,-254.08641150473855,3492.3538156283257,105.90353894166753,-1319.5477181803299,-46.95540833962684,0.0,-2.1601994792687,4786.387186665998,-10.773657253598708,-3.82574661617335,-3.758989005481604,285.58747381943607,-714.4061520178112,12.916766063012151,77.08334577983004,291.7981528180449,-1304.6777527888307,3571.715984062561,3367.2150196455304,0,7028,0,TORNADO:LSMM:INC_MANAGEMENT_POULTRY,TORNADO:LSMM:INC_MANAGEMENT_POULTRY,,TX:LSMM:INC_MANAGEMENT_POULTRY|TX:LNDU:PLUR,0
105105,iran,657.1435822641274,0.0,5797.974336400555,8623.561092307455,-2122.1625395464193,3358.106431276125,2594.765744692398,2543.712791519206,319.3384712504382,227.32130321014827,4910.1333944783855,0.0,5287.955665824951,770.5607180319039,180.51602072468575,103.81984343047966,0.0,7.86793313273726,5904.782191326689,0.0,1.930801136958844,13.179131494293975,312.4273174660295,227.32130321014827,18.865818057519242,86.74757738927832,723.3350606859511,179.76461482757873,33148.92701243396,7580.041592157664,-486.5005149020444,0.0,-872.3666448801259,7045.280484817034,-1069.229309052752,-535.5758811266764,-2207.481305746542,1838.9458098689004,192.37222370537424,-799.7400629432518,-1643.3137145812352,-254.08641150473855,3492.3538156283257,105.90353894166753,-1319.5477181803299,-46.95540833962684,0.0,-2.160198306451484,4786.387780416302,-10.773657253598708,-3.82574661617335,-3.758989005481604,286.21817607714905,-799.7400629432518,12.916766063012151,77.08334577983004,291.7981528180449,-1304.6777527888307,3487.0143100436035,3282.512405900924,0,7029,0,TORNADO:LVST:DEC_ENTERIC_FERMENTATION,TORNADO:LVST:DEC_ENTERIC_FERMENTATION,,TX:LVST:DEC_ENTERIC_FERMENTATION|TX:LNDU:PLUR,0
106106,iran,657.1327250505144,0.0,5797.97049402467,8623.55796969865,-2122.2034130619018,3358.091404634061,2594.765744692398,2543.307820099385,319.2477803298707,312.6025232156416,4910.1333944783855,0.0,5287.955665824951,770.560717801399,180.51602072468575,103.81981326878045,0.0,7.867927839594452,5904.780038412523,0.0,1.930774190801611,13.179131494293975,312.3378542115777,312.6025232156417,18.865818057519242,86.74757738927832,723.3350606859511,179.76461482757873,33233.63884751271,7665.23113359354,-486.5113721156574,0.0,-872.3704872560111,7045.2773622082295,-1069.2701825682343,-535.5909077687406,-2207.481305746542,1838.5408384490795,192.28153278480673,-714.4588429377584,-1643.3137145812352,-254.08641150473855,3492.3538156283257,105.9035387111627,-1319.5477181803299,-46.95543850132606,0.0,-2.1602035995942925,4786.385627502136,-10.773657253598708,-3.8257735623305833,-3.758989005481604,286.12871282269725,-714.4588429377584,12.916766063012151,77.08334577983004,291.7981528180449,-1304.6777527888307,3571.726145122353,3367.7019473368,0,7030,0,TORNADO:LVST:DEC_EXPORTS,TORNADO:LVST:DEC_EXPORTS,,TX:LVST:DEC_EXPORTS|TX:LNDU:PLUR,0
107107,iran,661.005722373089,0.0,5799.180281274579,8624.54141925294,-2133.6216436150585,3362.817264584604,2594.765744692398,2419.076573112978,337.3444407342255,330.3584166987322,4910.1333944783855,0.0,5287.955665824951,770.5607183610139,180.51602072468575,103.82243374319765,0.0,7.869594586768138,5905.458073645764,0.0,1.939248723218226,13.179131494293975,330.04177673574276,330.35841669873236,18.865818057519242,86.74757738927832,723.3350606859511,179.76461482757873,33144.63401849753,7701.381746588044,-482.6383747930828,0.0,-871.1607000061022,7046.2608117625205,-1080.688413121391,-530.8650478181976,-2207.481305746542,1714.3095914626726,210.37819318916152,-696.7029494546679,-1643.3137145812352,-254.08641150473855,3492.3538156283257,105.90353927077751,-1319.5477181803299,-46.95281802690886,0.0,-2.158536852420606,4787.063662735377,-10.773657253598708,-3.8172990299139684,-3.758989005481604,303.83263534686233,-696.7029494546678,12.916766063012151,77.08334577983004,291.7981528180449,-1304.6777527888307,3482.7213161071704,3403.8525603313037,0,7031,0,TORNADO:LVST:INC_PRODUCTIVITY,TORNADO:LVST:INC_PRODUCTIVITY,,TX:LVST:INC_PRODUCTIVITY|TX:LNDU:PLUR,0
108108,iran,658.3105109276078,0.0,5797.439998420093,8623.119971851687,-2134.0943588521677,3356.056554782162,2594.765744692398,2415.578186384682,295.37520181173073,289.23343254744367,4910.1333944783855,0.0,5287.955665824951,764.1860365202464,181.0629866471269,105.75354002461093,0.0,7.867866955617222,5904.478199063192,0.0,1.9271252462257449,13.179131494293975,288.9812554993545,289.23343254744367,18.865818057519242,86.74757738927832,723.3350606859511,180.30551488070074,33039.123326036344,7620.674521844187,-485.33358623856407,0.0,-872.9009828605886,7044.839364361267,-1081.1611283585003,-537.6257576206394,-2207.481305746542,1710.8112047343764,168.40895426666677,-737.8279336059563,-1643.3137145812352,-254.08641150473855,3492.3538156283257,99.52885743001002,-1319.0007522578885,-45.02171174549558,0.0,-2.160264483571522,4786.083788152805,-10.773657253598708,-3.8294225069064494,-3.758989005481604,262.7721141104741,-737.8279336059563,12.916766063012151,77.08334577983004,291.7981528180449,-1304.1368527357088,3377.2106236459877,3323.1453355874473,0,7032,0,TORNADO:PFLO:INC_HEALTHIER_DIETS,TORNADO:PFLO:INC_HEALTHIER_DIETS,,TX:PFLO:INC_HEALTHIER_DIETS|TX:LNDU:PLUR,0
109109,iran,657.1435822641274,0.0,5797.974336400555,8623.561092307455,-2122.1625395464193,3002.193692294706,2065.748301102697,2543.712791519206,319.3384712504382,312.65521413558906,4910.1333944783855,0.0,5287.955665824951,770.5607180319039,180.51602072468575,103.81984343047966,0.0,7.86793313273726,5904.782191326689,0.0,1.930801136958844,13.179131494293975,312.4273174660295,312.65521413558884,18.865818057519242,86.74757738927832,723.3350606859511,179.76461482757873,32349.33074078828,7665.375503083104,-486.5005149020444,0.0,-872.3666448801259,7045.280484817034,-1069.229309052752,-891.4886201080953,-2736.4987493362432,1838.9458098689004,192.37222370537424,-714.406152017811,-1643.3137145812352,-254.08641150473855,3492.3538156283257,105.90353894166753,-1319.5477181803299,-46.95540833962684,0.0,-2.160198306451484,4786.387780416302,-10.773657253598708,-3.82574661617335,-3.758989005481604,286.21817607714905,-714.4061520178112,12.916766063012151,77.08334577983004,291.7981528180449,-1304.6777527888307,2687.418038397922,3367.8463168263643,0,7033,0,TORNADO:PFLO:INC_IND_CCS,TORNADO:PFLO:INC_IND_CCS,,TX:PFLO:INC_IND_CCS|TX:LNDU:PLUR,0
110110,iran,657.1435822641274,0.0,5471.083614425713,7698.4313336308605,-2122.1625395464193,3358.106431276125,2594.765744692398,2543.712791519206,319.3384712504382,312.65521413558906,3761.187289542843,0.0,5287.955665824951,770.5607180319039,180.51602072468575,103.81984343047966,0.0,7.444883629374972,5258.223989857865,0.0,1.930801136958844,13.179131494293975,312.4273174660295,312.65521413558884,14.449778759365637,86.74757738927832,723.3350606859511,179.76461482757873,30833.294337772422,7013.9782128127645,-486.5005149020444,0.0,-1199.2573668549685,6120.15072614044,-1069.229309052752,-535.5758811266764,-2207.481305746542,1838.9458098689004,192.37222370537424,-714.406152017811,-2792.259819516778,-254.08641150473855,3492.3538156283257,105.90353894166753,-1319.5477181803299,-46.95540833962684,0.0,-2.5832478098137726,4139.829578947478,-10.773657253598708,-3.82574661617335,-3.758989005481604,286.21817607714905,-714.4061520178112,8.500726764858548,77.08334577983004,291.7981528180449,-1304.6777527888307,1171.3816353820657,2716.4490265560244,0,7034,0,TORNADO:SCOE:DEC_DEMAND_HEAT,TORNADO:SCOE:DEC_DEMAND_HEAT,,TX:SCOE:DEC_DEMAND_HEAT|TX:LNDU:PLUR,0
111111,iran,657.1435822641274,0.0,5547.864429336391,8364.050915628908,-2122.1625395464193,3358.106431276125,2594.765744692398,2543.712791519206,319.3384712504382,312.65521413558906,4910.1333944783855,0.0,5287.955665824951,770.5607180319039,180.51602072468575,103.81984343047966,0.0,7.486050392461726,5728.305245891266,0.0,1.930801136958844,13.179131494293975,312.4273174660295,312.65521413558884,18.865818057519242,86.74757738927832,723.3350606859511,179.76461482757873,32724.64083961669,7488.516674907406,-486.5005149020444,0.0,-1122.47655194429,6785.770308138488,-1069.229309052752,-535.5758811266764,-2207.481305746542,1838.9458098689004,192.37222370537424,-714.406152017811,-1643.3137145812352,-254.08641150473855,3492.3538156283257,105.90353894166753,-1319.5477181803299,-46.95540833962684,0.0,-2.5420810467270183,4609.910834980879,-10.773657253598708,-3.82574661617335,-3.758989005481604,286.21817607714905,-714.4061520178112,12.916766063012151,77.08334577983004,291.7981528180449,-1304.6777527888307,3062.728137226335,3190.987488650666,0,7035,0,TORNADO:SCOE:INC_EFFICIENCY_APPLIANCE,TORNADO:SCOE:INC_EFFICIENCY_APPLIANCE,,TX:SCOE:INC_EFFICIENCY_APPLIANCE|TX:LNDU:PLUR,0
112112,iran,657.1435822641274,0.0,7192.542972747324,8672.510914554865,-2122.1625395464193,3358.106431276125,2594.765744692398,2543.712791519206,319.3384712504382,312.65521413558906,2165.7230420687893,0.0,5287.955665824951,770.5607180319039,180.51602072468575,103.81984343047966,0.0,10.178541831570426,5896.124427227441,0.0,1.930801136958844,13.179131494293975,312.4273174660295,312.65521413558884,8.317812180384497,86.74757738927832,723.3350606859511,179.76461482757873,31933.369029543985,7648.480341805554,-486.5005149020444,0.0,522.2019914666425,7094.230307064445,-1069.229309052752,-535.5758811266764,-2207.481305746542,1838.9458098689004,192.37222370537424,-714.406152017811,-4387.7240669908315,-254.08641150473855,3492.3538156283257,105.90353894166753,-1319.5477181803299,-46.95540833962684,0.0,0.15041039238168175,4777.730016317054,-10.773657253598708,-3.82574661617335,-3.758989005481604,286.21817607714905,-714.4061520178112,2.3687601858774068,77.08334577983004,291.7981528180449,-1304.6777527888307,2271.456327153628,3350.9511555488143,0,7036,0,TORNADO:SCOE:SHIFT_FUEL_HEAT,TORNADO:SCOE:SHIFT_FUEL_HEAT,,TX:SCOE:SHIFT_FUEL_HEAT|TX:LNDU:PLUR,0
113113,iran,657.1435822641274,0.0,5797.974336400555,8623.561092307455,-2122.1625395464193,3358.106431276125,2594.765744692398,2543.712791519206,319.3384712504382,312.65521413558906,4910.1333944783855,0.0,5287.955665824951,770.5607180319039,180.51602072468575,103.81984343047966,0.0,7.86793313273726,5904.782191326689,0.0,1.930801136958844,13.179131494293975,312.4273174660295,312.65521413558884,18.865818057519242,86.74757738927832,723.3350606859511,179.76461482757873,33234.2609233594,7665.375503083104,-486.5005149020444,0.0,-872.3666448801259,7045.280484817034,-1069.229309052752,-535.5758811266764,-2207.481305746542,1838.9458098689004,192.37222370537424,-714.406152017811,-1643.3137145812352,-254.08641150473855,3492.3538156283257,105.90353894166753,-1319.5477181803299,-46.95540833962684,0.0,-2.160198306451484,4786.387780416302,-10.773657253598708,-3.82574661617335,-3.758989005481604,286.21817607714905,-714.4061520178112,12.916766063012151,77.08334577983004,291.7981528180449,-1304.6777527888307,3572.348220969041,3367.8463168263643,0,7037,0,TORNADO:SOIL:DEC_LIME_APPLIED_HIGHEST,TORNADO:SOIL:DEC_LIME_APPLIED_HIGHEST,,TX:SOIL:DEC_LIME_APPLIED_HIGHEST|TX:LNDU:PLUR,0
114114,iran,657.1435822641274,0.0,5797.974336400555,8623.561092307455,-2122.1625395464193,3358.106431276125,2594.765744692398,2543.712791519206,319.3384712504382,312.65521413558906,4910.1333944783855,0.0,5287.955665824951,770.5607180319039,180.51602072468575,103.81984343047966,0.0,7.86793313273726,5904.782191326689,0.0,1.930801136958844,13.179131494293975,312.4273174660295,312.65521413558884,18.865818057519242,86.74757738927832,723.3350606859511,179.76461482757873,33234.2609233594,7665.375503083104,-486.5005149020444,0.0,-872.3666448801259,7045.280484817034,-1069.229309052752,-535.5758811266764,-2207.481305746542,1838.9458098689004,192.37222370537424,-714.406152017811,-1643.3137145812352,-254.08641150473855,3492.3538156283257,105.90353894166753,-1319.5477181803299,-46.95540833962684,0.0,-2.160198306451484,4786.387780416302,-10.773657253598708,-3.82574661617335,-3.758989005481604,286.21817607714905,-714.4061520178112,12.916766063012151,77.08334577983004,291.7981528180449,-1304.6777527888307,3572.348220969041,3367.8463168263643,0,7038,0,TORNADO:SOIL:DEC_N_APPLIED_HIGHEST,TORNADO:SOIL:DEC_N_APPLIED_HIGHEST,,TX:SOIL:DEC_N_APPLIED_HIGHEST|TX:LNDU:PLUR,0
115115,iran,657.1435822641274,0.0,5761.862981496329,8609.355162968719,-2122.1625395464193,3358.106431276125,2594.765744692398,2543.712791519206,319.3384712504382,312.65521413558906,4910.1333944783855,0.0,4690.791103561282,770.5607180319039,180.51602072468575,103.81984343047966,0.0,7.825768022839858,5894.201263491005,0.0,1.930801136958844,13.179131494293975,312.4273174660295,312.65521413558884,18.865818057519242,76.72478754466913,723.3350606859511,179.76461482757873,32586.77907685277,7644.729620292914,-486.5005149020444,0.0,-908.4779997843525,7031.074555478299,-1069.229309052752,-535.5758811266764,-2207.481305746542,1838.9458098689004,192.37222370537424,-714.406152017811,-1643.3137145812352,-254.08641150473855,2895.189253364657,105.90353894166753,-1319.5477181803299,-46.95540833962684,0.0,-2.202363416348886,4775.806852580618,-10.773657253598708,-3.82574661617335,-3.758989005481604,286.21817607714905,-714.4061520178112,12.916766063012151,67.06055593522085,291.7981528180449,-1304.6777527888307,2924.8663744624137,3347.2004340361736,0,7039,0,TORNADO:TRDE:DEC_DEMAND,TORNADO:TRDE:DEC_DEMAND,,TX:TRDE:DEC_DEMAND|TX:LNDU:PLUR,0
116116,iran,657.1435822641274,0.0,5796.155730307641,8621.674117609855,-2122.1625395464193,3358.106431276125,2594.765744692398,2543.712791519206,319.3384712504382,312.65521413558906,4910.1333944783855,0.0,5287.955665824951,770.5607180319039,180.51602072468575,103.81984343047966,0.0,7.8651563803677025,5903.498978587874,0.0,1.930801136958844,13.179131494293975,312.4273174660295,312.65521413558884,18.865818057519242,86.74757738927832,723.3350606859511,179.76461482757873,33230.555342568885,7664.08951359192,-486.5005149020444,0.0,-874.1852509730406,7043.393510119435,-1069.229309052752,-535.5758811266764,-2207.481305746542,1838.9458098689004,192.37222370537424,-714.406152017811,-1643.3137145812352,-254.08641150473855,3492.3538156283257,105.90353894166753,-1319.5477181803299,-46.95540833962684,0.0,-2.1629750588210417,4785.1045676774875,-10.773657253598708,-3.82574661617335,-3.758989005481604,286.21817607714905,-714.4061520178112,12.916766063012151,77.08334577983004,291.7981528180449,-1304.6777527888307,3568.6426401785284,3366.56032733518,0,7040,0,TORNADO:TRNS:INC_EFFICIENCY_ELECTRIC,TORNADO:TRNS:INC_EFFICIENCY_ELECTRIC,,TX:TRNS:INC_EFFICIENCY_ELECTRIC|TX:LNDU:PLUR,0
117117,iran,657.1435822641274,0.0,5735.23004538639,8600.300490487783,-2122.1625395464193,3358.106431276125,2594.765744692398,2543.712791519206,319.3384712504382,312.65521413558906,4910.1333944783855,0.0,4281.458968870452,770.5607180319039,180.51602072468575,103.81984343047966,0.0,7.795463714708078,5887.308711516427,0.0,1.930801136958844,13.179131494293975,312.4273174660295,312.65521413558884,18.865818057519242,69.89748408139768,723.3350606859511,179.76461482757873,32141.759333571063,7630.979460546932,-486.5005149020444,0.0,-935.1109358942913,7022.019882997363,-1069.229309052752,-535.5758811266764,-2207.481305746542,1838.9458098689004,192.37222370537424,-714.406152017811,-1643.3137145812352,-254.08641150473855,2485.8571186738263,105.90353894166753,-1319.5477181803299,-46.95540833962684,0.0,-2.232667724480666,4768.91430060604,-10.773657253598708,-3.82574661617335,-3.758989005481604,286.21817607714905,-714.4061520178112,12.916766063012151,60.2332524719494,291.7981528180449,-1304.6777527888307,2479.846631180706,3333.4502742901923,0,7041,0,TORNADO:TRNS:INC_EFFICIENCY_NON_ELECTRIC,TORNADO:TRNS:INC_EFFICIENCY_NON_ELECTRIC,,TX:TRNS:INC_EFFICIENCY_NON_ELECTRIC|TX:LNDU:PLUR,0
118118,iran,657.1435822641274,0.0,5769.655169261908,8612.829600901227,-2122.1625395464193,3358.106431276125,2594.765744692398,2543.712791519206,319.3384712504382,312.65521413558906,4910.1333944783855,0.0,4851.252927259761,770.5607180319039,180.51602072468575,103.81984343047966,0.0,7.835094571532173,5896.7464247303315,0.0,1.930801136958844,13.179131494293975,312.4273174660295,312.65521413558884,18.865818057519242,79.08757677861081,723.3350606859511,179.76461482757873,32758.507526249334,7649.646897314875,-486.5005149020444,0.0,-900.6858120187735,7034.548993410806,-1069.229309052752,-535.5758811266764,-2207.481305746542,1838.9458098689004,192.37222370537424,-714.406152017811,-1643.3137145812352,-254.08641150473855,3055.6510770631357,105.90353894166753,-1319.5477181803299,-46.95540833962684,0.0,-2.193036867656571,4778.352013819945,-10.773657253598708,-3.82574661617335,-3.758989005481604,286.21817607714905,-714.4061520178112,12.916766063012151,69.42334516916253,291.7981528180449,-1304.6777527888307,3096.594823858977,3352.117711058135,0,7042,0,TORNADO:TRNS:INC_OCCUPANCY_LIGHT_DUTY,TORNADO:TRNS:INC_OCCUPANCY_LIGHT_DUTY,,TX:TRNS:INC_OCCUPANCY_LIGHT_DUTY|TX:LNDU:PLUR,0
119119,iran,657.1435822641274,0.0,5895.127825892033,8785.109076476305,-2122.1625395464193,3358.106431276125,2594.765744692398,2543.712791519206,319.3384712504382,312.65521413558906,4910.1333944783855,0.0,3858.595655570072,770.5607180319039,180.51602072468575,103.81984343047966,0.0,8.050144747577052,6012.237872828503,0.0,1.930801136958844,13.179131494293975,312.4273174660295,312.65521413558884,18.865818057519242,61.6433728299023,723.3350606859511,179.76461482757873,32063.602386764847,7747.909191640382,-486.5005149020444,0.0,-775.2131553886484,7206.828468985885,-1069.229309052752,-535.5758811266764,-2207.481305746542,1838.9458098689004,192.37222370537424,-714.406152017811,-1643.3137145812352,-254.08641150473855,2062.993805373446,105.90353894166753,-1319.5477181803299,-46.95540833962684,0.0,-1.977986691611692,4893.843461918116,-10.773657253598708,-3.82574661617335,-3.758989005481604,286.21817607714905,-714.4061520178112,12.916766063012151,51.97914122045401,291.7981528180449,-1304.6777527888307,2401.6896843744908,3450.380005383642,0,7043,0,TORNADO:TRNS:SHIFT_FUEL_LIGHT_DUTY,TORNADO:TRNS:SHIFT_FUEL_LIGHT_DUTY,,TX:TRNS:SHIFT_FUEL_LIGHT_DUTY|TX:LNDU:PLUR,0
120120,iran,657.1435822641274,0.0,5797.608801734647,8623.453352584545,-2122.1625395464193,3358.106431276125,2594.765744692398,2543.712791519206,319.3384712504382,312.65521413558906,4910.1333944783855,0.0,5285.6884326384625,770.5607180319039,180.51602072468575,103.81984343047966,0.0,7.867445021943688,5904.696867781747,0.0,1.930801136958844,13.179131494293975,312.4273174660295,312.65521413558884,18.865818057519242,86.7295465240136,723.3350606859511,179.76461482757873,33231.52041578409,7665.271660562104,-486.5005149020444,0.0,-872.7321795460339,7045.172745094125,-1069.229309052752,-535.5758811266764,-2207.481305746542,1838.9458098689004,192.37222370537424,-714.406152017811,-1643.3137145812352,-254.08641150473855,3490.086582441837,105.90353894166753,-1319.5477181803299,-46.95540833962684,0.0,-2.1606864172450564,4786.30245687136,-10.773657253598708,-3.82574661617335,-3.758989005481604,286.21817607714905,-714.4061520178112,12.916766063012151,77.06531491456532,291.7981528180449,-1304.6777527888307,3569.607713393736,3367.7424743053643,0,7044,0,TORNADO:TRNS:SHIFT_FUEL_MARITIME,TORNADO:TRNS:SHIFT_FUEL_MARITIME,,TX:TRNS:SHIFT_FUEL_MARITIME|TX:LNDU:PLUR,0
121121,iran,657.1435822641274,0.0,5809.368339076275,8635.827513069555,-2122.1625395464193,3358.106431276125,2594.765744692398,2543.712791519206,319.3384712504382,312.65521413558906,4910.1333944783855,0.0,5123.1010129998585,770.5607180319039,180.51602072468575,103.81984343047966,0.0,7.873056842853579,5912.904220737926,0.0,1.930801136958844,13.179131494293975,312.4273174660295,312.65521413558884,18.865818057519242,83.57191051231112,723.3350606859511,179.76461482757873,33093.06669397213,7670.326989327491,-486.5005149020444,0.0,-860.9726422044059,7057.546905579135,-1069.229309052752,-535.5758811266764,-2207.481305746542,1838.9458098689004,192.37222370537424,-714.406152017811,-1643.3137145812352,-254.08641150473855,3327.499162803233,105.90353894166753,-1319.5477181803299,-46.95540833962684,0.0,-2.155074596335165,4794.509809827539,-10.773657253598708,-3.82574661617335,-3.758989005481604,286.21817607714905,-714.4061520178112,12.916766063012151,73.90767890286284,291.7981528180449,-1304.6777527888307,3431.1539915817702,3372.797803070751,0,7045,0,TORNADO:TRNS:SHIFT_FUEL_MEDIUM_DUTY,TORNADO:TRNS:SHIFT_FUEL_MEDIUM_DUTY,,TX:TRNS:SHIFT_FUEL_MEDIUM_DUTY|TX:LNDU:PLUR,0
122122,iran,657.1435822641274,0.0,5798.021735145824,8623.764380605002,-2122.1625395464193,3358.106431276125,2594.765744692398,2543.712791519206,319.3384712504382,312.65521413558906,4910.1333944783855,0.0,5286.657292096494,770.5607180319039,180.51602072468575,103.81984343047966,0.0,7.868091437805328,5904.914338080648,0.0,1.930801136958844,13.179131494293975,312.4273174660295,312.65521413558884,18.865818057519242,86.74214123655922,723.3350606859511,179.76461482757873,33233.21323667376,7665.5023719894125,-486.5005149020444,0.0,-872.3192461348572,7045.483773114582,-1069.229309052752,-535.5758811266764,-2207.481305746542,1838.9458098689004,192.37222370537424,-714.406152017811,-1643.3137145812352,-254.08641150473855,3491.055441899868,105.90353894166753,-1319.5477181803299,-46.95540833962684,0.0,-2.1600400013834165,4786.519927170261,-10.773657253598708,-3.82574661617335,-3.758989005481604,286.21817607714905,-714.4061520178112,12.916766063012151,77.07790962711094,291.7981528180449,-1304.6777527888307,3571.3005342834003,3367.9731857326724,0,7046,0,TORNADO:TRNS:SHIFT_FUEL_RAIL,TORNADO:TRNS:SHIFT_FUEL_RAIL,,TX:TRNS:SHIFT_FUEL_RAIL|TX:LNDU:PLUR,0
123123,iran,657.1435822641274,0.0,5797.979586084453,8623.56228829298,-2122.1625395464193,3358.106431276125,2594.765744692398,2543.712791519206,319.3384712504382,312.65521413558906,4910.1333944783855,0.0,5286.779788826605,770.5607180319039,180.51602072468575,103.81984343047966,0.0,7.867938778803669,5904.7831729262925,0.0,1.930801136958844,13.179131494293975,312.4273174660295,312.65521413558884,18.865818057519242,86.71639169145435,723.3350606859511,179.76461482757873,33233.09149203048,7665.3453046309505,-486.5005149020444,0.0,-872.3613951962279,7045.28168080256,-1069.229309052752,-535.5758811266764,-2207.481305746542,1838.9458098689004,192.37222370537424,-714.406152017811,-1643.3137145812352,-254.08641150473855,3491.1779386299795,105.90353894166753,-1319.5477181803299,-46.95540833962684,0.0,-2.160192660385075,4786.388762015906,-10.773657253598708,-3.82574661617335,-3.758989005481604,286.21817607714905,-714.4061520178112,12.916766063012151,77.05216008200607,291.7981528180449,-1304.6777527888307,3571.178789640122,3367.8161183742104,0,7047,0,TORNADO:TRNS:SHIFT_MODE_FREIGHT,TORNADO:TRNS:SHIFT_MODE_FREIGHT,,TX:TRNS:SHIFT_MODE_FREIGHT|TX:LNDU:PLUR,0
124124,iran,657.1435822641274,0.0,4997.57098049,7164.380054116999,-2122.1625395464193,3358.106431276125,2594.765744692398,2543.712791519206,319.3384712504382,312.65521413558906,4910.1333944783855,0.0,4954.548439999613,770.5607180319039,180.51602072468575,103.81984343047966,0.0,6.703201780999995,4915.780458999993,0.0,1.930801136958844,13.179131494293975,312.4273174660295,312.65521413558884,18.865818057519242,80.90215766178058,723.3350606859511,179.76461482757873,30641.26930343305,6669.363619677174,-486.5005149020444,0.0,-1672.7700007906815,5586.099446626578,-1069.229309052752,-535.5758811266764,-2207.481305746542,1838.9458098689004,192.37222370537424,-714.406152017811,-1643.3137145812352,-254.08641150473855,3158.9465898029875,105.90353894166753,-1319.5477181803299,-46.95540833962684,0.0,-3.324929658188749,3797.3860480896064,-10.773657253598708,-3.82574661617335,-3.758989005481604,286.21817607714905,-714.4061520178112,12.916766063012151,71.2379260523323,291.7981528180449,-1304.6777527888307,979.3566010426948,2371.834433420434,0,7048,0,TORNADO:TRNS:SHIFT_MODE_PASSENGER,TORNADO:TRNS:SHIFT_MODE_PASSENGER,,TX:TRNS:SHIFT_MODE_PASSENGER|TX:LNDU:PLUR,0
125125,iran,657.1435822641274,0.0,5797.782287882406,8623.487150784826,-2122.1625395464193,3358.106431276125,2594.765744692398,2543.712791519206,319.3384712504382,312.65521413558906,4910.1333944783855,0.0,5273.767125168958,770.5607180319039,180.51602072468575,103.81984343047966,0.0,7.86770977811494,5904.726949016095,0.0,1.930801136958844,13.179131494293975,312.4273174660295,312.65521413558884,18.865818057519242,86.73264223779677,723.3350606859511,179.76461482757873,33219.80639266263,7665.305102266407,-486.5005149020444,0.0,-872.558693398275,7045.2065432944055,-1069.229309052752,-535.5758811266764,-2207.481305746542,1838.9458098689004,192.37222370537424,-714.406152017811,-1643.3137145812352,-254.08641150473855,3478.1652749723326,105.90353894166753,-1319.5477181803299,-46.95540833962684,0.0,-2.160421661073804,4786.332538105708,-10.773657253598708,-3.82574661617335,-3.758989005481604,286.21817607714905,-714.4061520178112,12.916766063012151,77.06841062834849,291.7981528180449,-1304.6777527888307,3557.8936902722708,3367.7759160096666,0,7049,0,TORNADO:TRNS:SHIFT_MODE_REGIONAL,TORNADO:TRNS:SHIFT_MODE_REGIONAL,,TX:TRNS:SHIFT_MODE_REGIONAL|TX:LNDU:PLUR,0
126126,iran,657.1435822641274,0.0,5789.879668594237,8611.708328928331,-2122.1625395464193,3358.106431276125,2594.765744692398,2543.712791519206,319.3384712504382,312.65521413558906,4910.1333944783855,0.0,5287.955665824951,544.8901471313139,180.51602072468575,103.81984343047966,0.0,7.8520135315153405,5896.721854051617,0.0,1.930801136958844,13.179131494293975,312.4273174660295,312.65521413558884,18.865818057519242,86.74757738927832,497.66448978536084,179.76461482757873,32988.64292127337,7431.6286753062195,-486.5005149020444,0.0,-880.4613126864442,7033.427721437911,-1069.229309052752,-535.5758811266764,-2207.481305746542,1838.9458098689004,192.37222370537424,-714.406152017811,-1643.3137145812352,-254.08641150473855,3492.3538156283257,-119.76703195892242,-1319.5477181803299,-46.95540833962684,0.0,-2.1761179076734036,4778.32744314123,-10.773657253598708,-3.82574661617335,-3.758989005481604,286.21817607714905,-714.4061520178112,12.916766063012151,77.08334577983004,66.12758191745462,-1304.6777527888307,3326.7302188830145,3134.0994890494794,0,7050,0,TORNADO:TRWW:INC_CAPTURE_BIOGAS,TORNADO:TRWW:INC_CAPTURE_BIOGAS,,TX:TRWW:INC_CAPTURE_BIOGAS|TX:LNDU:PLUR,0
127127,iran,657.1435822641274,0.0,5797.973406557714,8623.559723480192,-2122.1625395464193,3358.106431276125,2594.765744692398,2543.712791519206,319.3384712504382,312.65521413558906,4910.1333944783855,0.0,5287.955665824951,481.27946461128477,180.5355607678456,103.81984343047966,0.0,7.867952844300113,5904.781260473323,0.0,1.930801136958844,13.179131494293975,312.4273174660295,312.65521413558884,18.865818057519242,86.74757738927832,715.2462228413918,179.78383248297604,32944.996911311835,7657.304971752138,-486.5005149020444,0.0,-872.3675747229672,7045.2791159897715,-1069.229309052752,-535.5758811266764,-2207.481305746542,1838.9458098689004,192.37222370537424,-714.406152017811,-1643.3137145812352,-254.08641150473855,3492.3538156283257,-183.3777144789516,-1319.52817813717,-46.95540833962684,0.0,-2.160178594888631,4786.386849562936,-10.773657253598708,-3.82574661617335,-3.758989005481604,286.21817607714905,-714.4061520178112,12.916766063012151,77.08334577983004,283.7093149734856,-1304.6585351334334,3283.0842089214784,3359.775785495398,0,7051,0,TORNADO:TRWW:INC_COMPLIANCE_SEPTIC,TORNADO:TRWW:INC_COMPLIANCE_SEPTIC,,TX:TRWW:INC_COMPLIANCE_SEPTIC|TX:LNDU:PLUR,0
128128,iran,657.1435822641274,0.0,5797.978206271137,8623.566804091975,-2122.1625395464193,3358.106431276125,2594.765744692398,2543.712791519206,319.3384712504382,312.65521413558906,4910.1333944783855,0.0,5287.955665824951,838.476865992773,180.44163606812617,103.81984343047966,0.0,7.867846130385392,5904.786075565652,0.0,1.930801136958844,13.179131494293975,312.4273174660295,312.65521413558884,18.865818057519242,86.74757738927832,794.0996892116535,179.6916464280806,33302.112268318815,7736.07096044592,-486.5005149020444,0.0,-872.3627750095438,7045.286196601555,-1069.229309052752,-535.5758811266764,-2207.481305746542,1838.9458098689004,192.37222370537424,-714.406152017811,-1643.3137145812352,-254.08641150473855,3492.3538156283257,173.81968690253666,-1319.6221028368893,-46.95540833962684,0.0,-2.160285308803352,4786.391664655265,-10.773657253598708,-3.82574661617335,-3.758989005481604,286.21817607714905,-714.4061520178112,12.916766063012151,77.08334577983004,362.5627813437473,-1304.750721188329,3640.1995659284585,3438.5417741891797,0,7052,0,TORNADO:WALI:INC_TREATMENT_INDUSTRIAL,TORNADO:WALI:INC_TREATMENT_INDUSTRIAL,,TX:WALI:INC_TREATMENT_INDUSTRIAL|TX:LNDU:PLUR,0
129129,iran,657.1435822641274,0.0,5797.973128659748,8623.559314384931,-2122.1625395464193,3358.106431276125,2594.765744692398,2543.712791519206,319.3384712504382,312.65521413558906,4910.1333944783855,0.0,5287.955665824951,764.4678263626781,180.5414006129289,103.81984343047966,0.0,7.867958735406512,5904.780982273355,0.0,1.930801136958844,13.179131494293975,312.4273174660295,312.65521413558884,18.865818057519242,86.74757738927832,717.6054644174691,179.78957597747427,33228.19042591509,7659.669684513853,-486.5005149020444,0.0,-872.3678526209333,7045.278706894511,-1069.229309052752,-535.5758811266764,-2207.481305746542,1838.9458098689004,192.37222370537424,-714.406152017811,-1643.3137145812352,-254.08641150473855,3492.3538156283257,99.81064727244177,-1319.5223382920867,-46.95540833962684,0.0,-2.160172703782232,4786.386571362968,-10.773657253598708,-3.82574661617335,-3.758989005481604,286.21817607714905,-714.4061520178112,12.916766063012151,77.08334577983004,286.06855654956286,-1304.6527916389352,3566.277723524734,3362.140498257113,0,7053,0,TORNADO:WALI:INC_TREATMENT_RURAL,TORNADO:WALI:INC_TREATMENT_RURAL,,TX:WALI:INC_TREATMENT_RURAL|TX:LNDU:PLUR,0
130130,iran,657.1435822641274,0.0,5797.969108403719,8623.55338013808,-2122.1625395464193,3358.106431276125,2594.765744692398,2543.712791519206,319.3384712504382,312.65521413558906,4910.1333944783855,0.0,5287.955665824951,771.0060072188011,180.61854510586534,103.81984343047966,0.0,7.868049229561977,5904.776946750742,0.0,1.930801136958844,13.179131494293975,312.4273174660295,312.65521413558884,18.865818057519242,86.74757738927832,728.530160784842,179.86524751066534,33234.79579676127,7670.6661073859605,-486.5005149020444,0.0,-872.3718728769627,7045.2727726476605,-1069.229309052752,-535.5758811266764,-2207.481305746542,1838.9458098689004,192.37222370537424,-714.406152017811,-1643.3137145812352,-254.08641150473855,3492.3538156283257,106.34882812856472,-1319.4451937991503,-46.95540833962684,0.0,-2.1600822096267676,4786.382535840356,-10.773657253598708,-3.82574661617335,-3.758989005481604,286.21817607714905,-714.4061520178112,12.916766063012151,77.08334577983004,296.9932529169358,-1304.5771201057441,3572.883094370911,3373.1369211292204,0,7054,0,TORNADO:WALI:INC_TREATMENT_URBAN,TORNADO:WALI:INC_TREATMENT_URBAN,,TX:WALI:INC_TREATMENT_URBAN|TX:LNDU:PLUR,0
131131,iran,657.1435822641274,0.0,5798.167691366133,8623.848510629214,-2122.1625395464193,3358.106431276125,2594.765744692398,2543.712791519206,319.3384712504382,312.65521413558906,4910.1333944783855,0.0,5287.955665824951,770.5607180319039,170.14169054479035,103.81984343047966,0.0,7.855653620230041,5904.977647119392,0.0,1.930801136958844,13.179131494293975,312.4273174660295,312.65521413558884,18.865818057519242,86.74757738927832,723.3350606859511,169.50389612787927,33224.36736646684,7655.297960663601,-486.5005149020444,0.0,-872.1732899145481,7045.567903138794,-1069.229309052752,-535.5758811266764,-2207.481305746542,1838.9458098689004,192.37222370537424,-714.406152017811,-1643.3137145812352,-254.08641150473855,3492.3538156283257,105.90353894166753,-1329.922048360225,-46.95540833962684,0.0,-2.1724778189587033,4786.583236209005,-10.773657253598708,-3.82574661617335,-3.758989005481604,286.21817607714905,-714.4061520178112,12.916766063012151,77.08334577983004,291.7981528180449,-1314.9384714885302,3562.454664076482,3357.7687744068608,0,7055,0,TORNADO:WASO:DEC_CONSUMER_FOOD_WASTE_HIGHEST,TORNADO:WASO:DEC_CONSUMER_FOOD_WASTE_HIGHEST,,TX:WASO:DEC_CONSUMER_FOOD_WASTE_HIGHEST|TX:LNDU:PLUR,0
132132,iran,657.1435822641274,0.0,5797.782546513314,8623.293267150893,-2122.1625395464193,3358.106431276125,2594.765744692398,2543.712791519206,319.3384712504382,312.65521413558906,4910.1333944783855,0.0,5287.955665824951,770.5607180319039,165.2824369361826,103.81984343047966,0.0,7.832262885411064,5904.600061203573,0.0,1.930801136958844,13.179131494293975,312.4273174660295,312.65521413558884,18.865818057519242,86.74757738927832,723.3350606859511,159.5007241139485,33218.56772452709,7644.893811999032,-486.5005149020444,0.0,-872.5584347673675,7045.012659660473,-1069.229309052752,-535.5758811266764,-2207.481305746542,1838.9458098689004,192.37222370537424,-714.406152017811,-1643.3137145812352,-254.08641150473855,3492.3538156283257,105.90353894166753,-1334.7813019688328,-46.95540833962684,0.0,-2.1958685537776805,4786.205650293186,-10.773657253598708,-3.82574661617335,-3.758989005481604,286.21817607714905,-714.4061520178112,12.916766063012151,77.08334577983004,291.7981528180449,-1324.941643502461,3556.655022136736,3347.3646257422915,0,7056,0,TORNADO:WASO:INC_ANAEROBIC_AND_COMPOST,TORNADO:WASO:INC_ANAEROBIC_AND_COMPOST,,TX:WASO:INC_ANAEROBIC_AND_COMPOST|TX:LNDU:PLUR,0
133133,iran,657.1435822641274,0.0,5796.963565368977,8622.081548960563,-2122.1625395464193,3358.106431276125,2594.765744692398,2543.712791519206,319.3384712504382,312.65521413558906,4910.1333944783855,0.0,5287.955665824951,770.5607180319039,176.5436699873875,103.81984343047966,0.0,7.865945785023091,5903.776044835517,0.0,1.930801136958844,13.179131494293975,312.4273174660295,312.65521413558884,18.865818057519242,86.74757738927832,723.3350606859511,175.79226409028047,33227.79825824363,7660.39501850692,-486.5005149020444,0.0,-873.3774159117047,7043.800941470143,-1069.229309052752,-535.5758811266764,-2207.481305746542,1838.9458098689004,192.37222370537424,-714.406152017811,-1643.3137145812352,-254.08641150473855,3492.3538156283257,105.90353894166753,-1323.5200689176281,-46.95540833962684,0.0,-2.1621856541656532,4785.38163392513,-10.773657253598708,-3.82574661617335,-3.758989005481604,286.21817607714905,-714.4061520178112,12.916766063012151,77.08334577983004,291.7981528180449,-1308.650103526129,3565.885555853274,3362.8658322501797,0,7057,0,TORNADO:WASO:INC_CAPTURE_BIOGAS,TORNADO:WASO:INC_CAPTURE_BIOGAS,,TX:WASO:INC_CAPTURE_BIOGAS|TX:LNDU:PLUR,0
134134,iran,657.1435822641274,0.0,5797.00627557921,8622.144069038584,-2122.1625395464193,3358.106431276125,2594.765744692398,2543.712791519206,319.3384712504382,312.65521413558906,4910.1333944783855,0.0,5287.955665824951,770.5607180319039,180.51602072468575,103.81984343047966,0.0,7.866029762472036,5903.818560897812,0.0,1.930801136958844,13.179131494293975,312.4273174660295,312.65521413558884,18.865818057519242,86.74757738927832,723.3350606859511,179.76461482757873,33231.87583926918,7664.409969283963,-486.5005149020444,0.0,-873.3347057014716,7043.863461548164,-1069.229309052752,-535.5758811266764,-2207.481305746542,1838.9458098689004,192.37222370537424,-714.406152017811,-1643.3137145812352,-254.08641150473855,3492.3538156283257,105.90353894166753,-1319.5477181803299,-46.95540833962684,0.0,-2.1621016767167083,4785.424149987425,-10.773657253598708,-3.82574661617335,-3.758989005481604,286.21817607714905,-714.4061520178112,12.916766063012151,77.08334577983004,291.7981528180449,-1304.6777527888307,3569.963136878825,3366.8807830272226,0,7058,0,TORNADO:WASO:INC_ENERGY_FROM_BIOGAS,TORNADO:WASO:INC_ENERGY_FROM_BIOGAS,,TX:WASO:INC_ENERGY_FROM_BIOGAS|TX:LNDU:PLUR,0
135135,iran,657.1435822641274,0.0,5798.021565725181,8623.76783045012,-2122.1625395464193,3358.106431276125,2594.765744692398,2543.712791519206,319.3384712504382,312.65521413558906,4910.1333944783855,0.0,5287.955665824951,770.5607180319039,180.49590674529242,103.81984343047966,0.0,7.794222116487287,5904.922781228623,0.0,1.930801136958844,13.179131494293975,312.4273174660295,312.65521413558884,18.865818057519242,86.74757738927832,723.3350606859511,179.74458598506217,33234.4947768473,7665.422353126271,-486.5005149020444,0.0,-872.3194155555002,7045.4872229597,-1069.229309052752,-535.5758811266764,-2207.481305746542,1838.9458098689004,192.37222370537424,-714.406152017811,-1643.3137145812352,-254.08641150473855,3492.3538156283257,105.90353894166753,-1319.5678321597231,-46.95540833962684,0.0,-2.2339093227014573,4786.528370318236,-10.773657253598708,-3.82574661617335,-3.758989005481604,286.21817607714905,-714.4061520178112,12.916766063012151,77.08334577983004,291.7981528180449,-1304.6977816313472,3572.582074456943,3367.8931668695313,0,7059,0,TORNADO:WASO:INC_ENERGY_FROM_INCINERATION,TORNADO:WASO:INC_ENERGY_FROM_INCINERATION,,TX:WASO:INC_ENERGY_FROM_INCINERATION|TX:LNDU:PLUR,0
136136,iran,657.1435822641274,0.0,5792.226756449312,8615.132777011442,-2122.1625395464193,3358.106431276125,2594.765744692398,2543.712791519206,319.3384712504382,312.65521413558906,4910.1333944783855,0.0,5287.955665824951,770.5607180319039,157.32002507264255,103.81984343047966,0.0,7.856616700524835,5899.050597585956,0.0,1.930801136958844,13.179131494293975,312.4273174660295,312.65521413558884,18.865818057519242,86.74757738927832,723.3350606859511,156.5686191755356,33196.8890324601,7636.436597258115,-486.5005149020444,0.0,-878.114224831369,7036.852169521022,-1069.229309052752,-535.5758811266764,-2207.481305746542,1838.9458098689004,192.37222370537424,-714.406152017811,-1643.3137145812352,-254.08641150473855,3492.3538156283257,105.90353894166753,-1342.743713832373,-46.95540833962684,0.0,-2.171514738663909,4780.656186675569,-10.773657253598708,-3.82574661617335,-3.758989005481604,286.21817607714905,-714.4061520178112,12.916766063012151,77.08334577983004,291.7981528180449,-1327.873748440874,3534.976330069745,3338.9074110013753,0,7060,0,TORNADO:WASO:INC_LANDFILLING,TORNADO:WASO:INC_LANDFILLING,,TX:WASO:INC_LANDFILLING|TX:LNDU:PLUR,0
